TP,FP,TN,FN,Sens,Spec,Accuracy,AUC,AUPRC,F1,Kappa,MCC
742.2,79.8,803.0,140.6,84.07323518308796,90.96029049596433,87.51713030840651,0.9425578244321725,0.9501495646659389,0.8707128435593645,0.7503408986572024,0.7522970818664545
957.0,98.0,1006.0,147.0,86.68478260869566,91.12318840579711,88.90398550724638,0.9501261880382272,0.9547167765728125,0.8865215377489578,0.7780797101449275,0.7788472312742999
